Date,Action,Reason,Price,Size,PnL,AI_Explanation
2021-03-31,BUY (+50%),Entry/Increase,235.77,50%,-,"We've added Microsoft (MSFT) to your portfolio at $235.77, allocating 50% of your position size, due to a trigger indicating it's a good time to enter or increase our investment. This decision is based on a balanced risk-reward analysis, as reflected in the ASRE score of 50, suggesting that the potential benefits of this investment align with the potential risks. This systematic approach is designed to make data-driven decisions, and I'm confident that this move is in line with our overall investment strategy, which aims to optimize returns while managing risk."
2021-08-02,BUY (+50%),Entry/Increase,284.82,100%,-,"We've added Microsoft (MSFT) to your portfolio at $284.82, utilizing your full position size, due to its strong ASRE score of 76.5, which indicates a favorable outlook. This investment is based on our systematic approach, which weighs the potential risks and rewards, and in this case, the data suggests that the potential upside for MSFT outweighs the downside, making it a compelling addition to your portfolio. By following our disciplined investment process, we're able to make informed decisions like this one, which aims to drive long-term growth while managing risk."
2021-08-31,BUY (+20%),Entry/Increase,301.88,120%,-,"We've added Microsoft (MSFT) to your portfolio at $301.88, taking a larger-than-usual position size of 120% due to its strong potential for growth. This decision is based on our systematic analysis, which indicates a favorable risk-reward profile, as reflected in the ASRE score of 53.5/100, suggesting that the potential benefits outweigh the risks. This move is part of our disciplined investment approach, designed to capitalize on opportunities like this while managing overall portfolio risk, so you can be confident that it's a deliberate and data-driven decision."
2021-11-01,SELL (-20%),Reduce Exposure,329.37,100%,-,"We sold your entire position in Microsoft (MSFT) at $329.37 due to a trigger to reduce exposure, as indicated by our proprietary ASRE score of 75.8, which suggests the stock's current risk profile no longer aligns with our investment objectives. This decision is based on a careful assessment of the potential risks and rewards, aiming to protect your portfolio from potential downturns while maintaining a balanced investment strategy. This systematic approach ensures that our investment decisions are driven by data and objective criteria, rather than emotions or personal biases, allowing us to manage your portfolio in a disciplined and proactive manner."
2021-11-30,SELL (-75%),Reduce Exposure,330.59,25%,-,"We've sold a portion of your Microsoft stock, representing 25% of your position, at $330.59 due to a reduction in our proprietary ASRE score, which indicates a decrease in the stock's attractiveness. This move is designed to reduce our exposure to potential losses, as our analysis suggests the reward no longer justifies the risk of holding this position at its current level. This decision is part of our systematic approach to managing your portfolio, where we continually assess and adjust our holdings to optimize returns and minimize risk, so you can be confident that this move is in line with your overall investment strategy."
2021-12-31,BUY (+25%),Entry/Increase,336.32,50%,-,"We've added Microsoft (MSFT) to your portfolio at a price of $336.32, allocating 50% of your position to this stock. This decision was triggered by our systematic model, which identified an attractive entry point based on the stock's fundamentals and market trends, despite a moderate ASRE score of 41.9, indicating some potential risks. By taking a calculated approach, we're aiming to balance potential rewards with manageable risks, and this move is part of our ongoing effort to optimize your portfolio's performance in a systematic and disciplined manner."
2022-01-25,SELL (Risk Exit),Trailing_Stop,288.49,50%,19.01%,"We've sold our position in Microsoft (MSFT) at $288.49 due to a trailing stop trigger, which means the stock's price has fallen below a certain threshold we had set to limit potential losses. This move helps us balance risk and reward by locking in gains and avoiding further potential declines, ensuring we don't over-expose our portfolio to market volatility. This systematic approach is designed to help us make objective, data-driven decisions, so you can be confident that our actions are guided by a clear and disciplined investment strategy."
2022-01-25,BUY (+50%),Entry/Increase,288.49,50%,-,"We've added Microsoft stock to your portfolio at $288.49, allocating 50% of your position size, due to a triggered entry signal based on our proprietary ASRE score of 67.0/100. This move is designed to balance potential risk and reward, as Microsoft's strong fundamentals and growth prospects suggest a favorable outlook, while also acknowledging that no investment is without some level of uncertainty. This systematic decision is based on our data-driven approach, which helps us make informed and unbiased investment choices that align with your overall portfolio strategy."
2022-01-31,SELL (-25%),Reduce Exposure,310.98,25%,-,"We've sold a portion of your Microsoft stock (MSFT) at $310.98, which accounted for 25% of your portfolio, due to a trigger to reduce exposure based on our risk assessment score (ASRE) of 67.4. This decision is designed to balance potential rewards with potential risks, as the current score suggests that holding onto this position may expose your portfolio to unnecessary volatility. This action is a systematic response to market conditions, and it's part of our ongoing effort to prudently manage your investments and protect your long-term goals."
2022-05-02,BUY (+75%),Entry/Increase,284.47,100%,-,"We've added Microsoft (MSFT) to your portfolio at $284.47, utilizing your full position size. This decision was triggered by our systematic model, which identified an attractive entry point based on the stock's current trends and fundamentals, despite a moderate ASRE score of 32.5, indicating some potential risks. By following our disciplined investment approach, we're seeking to capitalize on MSFT's potential upside while managing risk, and this move is a deliberate, data-driven decision designed to support your long-term investment goals."
2022-05-09,SELL (Risk Exit),Trailing_Stop,264.58,100%,-8.29%,"We've sold your Microsoft shares at $264.58 as a result of our trailing stop trigger, which is designed to limit potential losses if the stock's price falls. This decision is based on a risk management approach that prioritizes protecting your investments, and in this case, the stock's decline triggered our predetermined stop-loss level. This systematic approach ensures that our investment decisions are based on clear rules and data, rather than emotions, so you can be confident that your portfolio is being managed with a disciplined and objective mindset."
2022-05-09,BUY (+100%),Entry/Increase,264.58,100%,-,"We've added Microsoft (MSFT) to your portfolio at $264.58, using your full position size, as our system identified a favorable entry point based on our proprietary ASRE score of 39.9. This move is driven by a balance of potential reward and manageable risk, as our analysis suggests the stock has a strong potential for growth while also considering the potential downsides. This decision is part of our systematic approach to investing, which relies on data-driven triggers to guide our actions, ensuring that our decisions are objective and aligned with your investment goals."
2022-05-31,BUY (+20%),Entry/Increase,271.87,120%,-,"We've added Microsoft (MSFT) to your portfolio at $271.87, taking a slightly larger position than usual, as our system identified a strong entry point based on its analysis. This move is designed to balance potential risks with rewards, as Microsoft's fundamentals and market trends suggest potential for growth, although our ASRE score of 45.7 indicates some caution is warranted. This decision is part of our systematic approach, which relies on data-driven triggers to guide investment choices, ensuring that our actions are based on objective criteria rather than emotional or impulsive decisions."
2022-08-01,SELL (-20%),Reduce Exposure,278.01,100%,-,"We've sold your entire position in Microsoft (MSFT) at $278.01 due to a reduction in its attractiveness based on our analysis, which scored it 47.2 out of 100. This decision is driven by our risk management strategy, which aims to balance potential returns with potential losses, and in this case, we're reducing our exposure to MSFT to minimize potential downsides. This action is a systematic response to changing market conditions, and it's part of our ongoing effort to optimize your portfolio and protect your investments."
2022-08-31,BUY (+20%),Entry/Increase,261.47,120%,-,"We've added Microsoft (MSFT) to your portfolio at a price of $261.47, taking a slightly larger position than usual, as our analysis indicates strong potential for growth. This decision is based on our systematic evaluation, which considers various factors and assigns a score of 79.1 out of 100, suggesting a favorable risk-reward balance. By following our disciplined approach, we're aiming to capitalize on MSFT's opportunities while managing risk, and this investment is a deliberate and data-driven choice, rather than an emotional or impulsive one."
2022-09-15,SELL (Risk Exit),Trailing_Stop,245.38,120%,-7.26%,"We've sold your Microsoft position at $245.38 as the stock price fell below our predetermined trailing stop level, which is designed to lock in profits and limit potential losses. This action is based on a risk/reward assessment that suggests the potential downside now outweighs the potential upside, and it's a systematic decision driven by our data-driven approach, as evidenced by the ASRE score of 76.7. This sale is part of our ongoing effort to manage your portfolio's risk and maximize returns, and it's a deliberate move to protect your investments, rather than an emotional response to market fluctuations."
2022-09-15,BUY (+120%),Entry/Increase,245.38,120%,-,"We've added Microsoft (MSFT) to your portfolio at $245.38, taking a slightly larger position than usual, as our analysis suggests the stock has strong potential for growth. This move is based on our systematic approach, which identifies attractive entry points and balances risk and reward - in this case, the ASRE score of 76.7 indicates a favorable outlook, and we're taking a calculated bet that the stock will outperform. By following our disciplined investment process, we're making informed decisions to help your portfolio thrive over the long term."
2022-09-30,SELL (-70%),Reduce Exposure,232.90,50%,-,"We've sold 50% of our position in Microsoft (MSFT) at $232.90 due to a trigger to reduce exposure, as indicated by our ASRE score of 64.3, which suggests the stock's current risk profile no longer aligns with our investment objectives. By reducing our exposure, we're balancing potential upside with a more cautious approach to manage risk, as the current score indicates a moderate level of concern. This decision is part of our systematic investment process, which is designed to make data-driven decisions to protect and grow your portfolio over time."
2022-10-31,SELL (-25%),Reduce Exposure,232.13,25%,-,"We've sold a portion of your Microsoft stock holdings, representing 25% of your position, at a price of $232.13, as our ASRE score indicated a relatively low ranking of 21.8, triggering a reduction in exposure to manage risk. By doing so, we're balancing potential upside with the need to mitigate potential losses, as holding onto the stock could lead to greater volatility. This systematic adjustment is part of our ongoing effort to optimize your portfolio, and it's based on a data-driven approach that helps us make informed decisions to protect and grow your investments."
2023-01-03,BUY (+75%),Entry/Increase,239.58,100%,-,"We've added Microsoft (MSFT) to your portfolio at $239.58, using your full position size, because our systematic model identified a favorable entry point based on its current trends and metrics, scoring 23.4 out of 100 on our ASRE evaluation. This investment offers a balanced risk-reward profile, as Microsoft's stable financials and growth prospects offset the potential volatility of the technology sector. This decision is part of our disciplined, data-driven approach, designed to help you achieve your long-term goals while managing risk in a systematic and transparent way."
2023-01-31,BUY (+20%),Entry/Increase,247.81,120%,-,"We've added Microsoft (MSFT) to your portfolio at $247.81, taking a larger-than-usual position size of 120% due to its strong potential for growth. This decision is based on our systematic analysis, which indicates a favorable risk-reward profile, scoring 48 out of 100 on our ASRE score. By following our disciplined investment approach, we're confident that this trade aligns with your long-term goals, and we'll continue to monitor and adjust your portfolio as needed to optimize performance."
2023-02-28,SELL (-20%),Reduce Exposure,249.42,100%,-,"We've sold your entire position in Microsoft (MSFT) at $249.42 due to a reduction in our exposure score, which indicates that the stock's risk profile has increased. By selling now, we're locking in gains and reducing potential downside risk, as our system has determined that the potential rewards no longer outweigh the risks. This decision is part of our systematic approach to managing your portfolio, where we regularly assess and adjust our holdings to ensure they remain aligned with your investment goals and risk tolerance."
2023-05-01,BUY (+20%),Entry/Increase,305.56,120%,-,"We've added Microsoft stock to your portfolio at $305.56, taking a slightly larger position than usual, as our analysis suggests the company has strong growth potential and our proprietary ASRE score of 70.5 indicates a favorable investment opportunity. By taking a 120% position size, we're balancing the potential for higher returns with the need to manage risk, as we believe the potential upside outweighs the downside. This decision is part of our systematic approach, driven by data and objective criteria, so you can be confident that it's based on a thorough evaluation rather than emotional or impulsive factors."
2023-05-31,SELL (-70%),Reduce Exposure,328.39,50%,-,"We've sold 50% of your Microsoft (MSFT) stock at $328.39 due to a reduction in its attractiveness score, which indicates a decrease in the stock's potential for future growth. By reducing our exposure to MSFT, we're balancing the risk and potential reward in your portfolio, as holding onto a stock with decreasing momentum could lead to losses. This sale is a systematic response to changing market conditions, based on our data-driven approach, and is designed to protect and optimize your investments over the long term."
2023-07-31,BUY (+50%),Entry/Increase,335.92,100%,-,"We've added Microsoft (MSFT) to your portfolio at $335.92, using 100% of the allocated position size, due to a positive trigger indicating a favorable entry point. This investment is based on a risk/reward analysis, where our system has determined that the potential upside outweighs the potential downside, as reflected in the ASRE score of 52.2. This decision is part of our systematic approach, which relies on data-driven insights to make informed investment choices, and is not based on emotional or impulsive decisions, ensuring a disciplined and consistent investment strategy."
2023-08-31,SELL (-75%),Reduce Exposure,327.76,25%,-,"We sold a portion of your Microsoft stock, making up 25% of your portfolio, at $327.76 due to our system's trigger to reduce exposure. This decision was based on the stock's relatively low ASRE score of 11.9, indicating a lower expected return compared to its risk, and our goal is to balance risk and potential reward in your portfolio. This systematic approach helps us manage your investments in a disciplined and unbiased manner, ensuring that we're making data-driven decisions to protect and grow your wealth."
2023-10-02,BUY (+25%),Entry/Increase,321.80,50%,-,"We've added Microsoft (MSFT) to your portfolio at $321.80, allocating 50% of your position to this stock, based on our systematic trigger indicating it's a good time to enter or increase our investment. This decision is driven by a balanced risk-reward assessment, as MSFT's current fundamentals and market trends suggest potential for growth, although our ASRE score of 22.4 indicates some caution is warranted. This investment is part of our disciplined approach, following a set of predetermined rules to help manage risk and maximize returns, so you can be confident that our decision is based on a thorough and systematic evaluation."
2023-10-31,BUY (+70%),Entry/Increase,338.11,120%,-,"We've added Microsoft (MSFT) to your portfolio at $338.11, taking a slightly larger position than usual, as our analysis suggests strong potential for growth. This decision is based on a favorable risk/reward balance, as indicated by the ASRE score of 70.7, which suggests a relatively high likelihood of success. This trade is a systematic response to our Entry/Increase trigger, so you can be confident that it's a deliberate and data-driven decision, rather than an emotional or impulsive one."
2023-11-30,SELL (-20%),Reduce Exposure,378.91,100%,-,"We've sold your entire position in Microsoft (MSFT) at $378.91 due to a reduction in our exposure score, which indicates a slight decrease in the stock's attractiveness. This decision is based on a careful risk-reward analysis, where we're choosing to lock in gains and reduce our exposure to potential downturns in the stock's performance. This systematic adjustment is part of our ongoing portfolio management process, designed to help us balance risk and potential returns in a disciplined and unbiased manner."
2024-01-31,BUY (+20%),Entry/Increase,397.58,120%,-,"We've added Microsoft (MSFT) to your portfolio at $397.58, taking a slightly larger position than usual, as our analysis suggests the stock has strong potential for growth. This move is designed to balance risk and reward, as our ASRE score of 69.3 indicates a relatively favorable outlook, and we're taking a larger position to maximize potential gains while still managing overall portfolio risk. This decision is based on our systematic investment approach, which uses data-driven triggers to identify opportunities like this one, so you can be confident that it's part of our disciplined and researched strategy."
2024-02-29,SELL (-70%),Reduce Exposure,413.64,50%,-,"We've sold 50% of your Microsoft stock at $413.64 due to a reduction in our proprietary ASRE score, which indicates a decrease in the stock's attractiveness. This decision is based on our risk management strategy, aiming to balance potential returns with potential losses, and by reducing our exposure, we're mitigating potential downside risk while still maintaining some upside potential. This systematic approach ensures that our investment decisions are based on data-driven insights, rather than emotions, and is part of our ongoing effort to optimize your portfolio's performance."
2024-04-01,BUY (+70%),Entry/Increase,424.57,120%,-,"We've added Microsoft stock to your portfolio at $424.57, taking a larger-than-usual position to capitalize on its strong potential. This move is based on our systematic analysis, which indicates a favorable risk-reward balance, as evidenced by the ASRE score of 58.1, suggesting a reasonable trade-off between potential gains and losses. By following our data-driven approach, we're making a deliberate and informed decision to increase our exposure to MSFT, and I'm confident that this move aligns with your investment goals and risk tolerance."
2024-04-30,SELL (-95%),Reduce Exposure,389.33,25%,-,"We've sold a portion of your Microsoft stock holdings at $389.33, as our system indicated it was time to reduce our exposure to this position due to its relatively low ASRE score of 21.7. This decision is based on a careful risk/reward analysis, where we aim to limit potential losses by trimming positions that are no longer meeting our investment criteria. This sale is a systematic part of our investment strategy, designed to help us manage risk and optimize returns over the long term, so you can be confident that it's a deliberate and data-driven decision."
2024-05-31,BUY (+25%),Entry/Increase,415.13,50%,-,"We've added Microsoft (MSFT) to your portfolio at $415.13, allocating 50% of your position to this stock, as our systematic model indicated a favorable entry point with an ASRE score of 24.4. This decision is based on our risk/reward analysis, which suggests that MSFT's potential upside outweighs its downside risks at this price level. This trade is a result of our disciplined, data-driven approach, which aims to consistently identify opportunities like this one, and I'm confident that it aligns with your investment goals and risk tolerance."
2024-07-01,BUY (+50%),Entry/Increase,456.73,100%,-,"We've added Microsoft (MSFT) to your portfolio at $456.73, utilizing your full position size, due to its strong investment metrics and a triggered entry signal. This move is based on a calculated risk/reward analysis, where the potential for long-term growth outweighs the current market risks, as indicated by an ASRE score of 46.9. This decision is part of our systematic investment approach, which relies on data-driven triggers to guide our actions, ensuring that our investment choices are objective and aligned with your overall portfolio strategy."
2024-07-31,BUY (+20%),Entry/Increase,418.35,120%,-,"We've added Microsoft stock to your portfolio at $418.35, taking a position size that's 120% of our typical allocation, due to its strong ASRE score of 61.6, which indicates a favorable entry point. This move is based on our systematic approach, which balances risk and potential reward, and in this case, we believe the potential upside outweighs the risks. By following our data-driven process, we're making a calculated investment decision that aims to drive long-term growth, while also managing risk in a disciplined and systematic way."
2024-08-05,SELL (Risk Exit),Trailing_Stop,395.15,120%,54.93%,"We've sold our position in Microsoft (MSFT) at $395.15 due to a triggered trailing stop, which is a predetermined rule designed to limit potential losses if the stock's price falls. This decision is based on a careful risk-reward analysis, where the potential downside risk outweighs the potential upside gain, as indicated by the ASRE score of 61.2. This sale is a systematic and disciplined response to market conditions, and it's part of our ongoing effort to protect and grow your investment portfolio in a thoughtful and data-driven manner."
2024-08-05,BUY (+120%),Entry/Increase,395.15,120%,-,"We've added Microsoft stock to your portfolio at $395.15, taking a position size that's slightly larger than our standard allocation, due to the stock's favorable ASRE score of 61.2, which indicates a relatively strong investment opportunity. This move is designed to balance potential risks with rewards, as Microsoft's stable growth and market dominance suggest a promising outlook, while also acknowledging that no investment is without some level of uncertainty. This decision was made systematically, based on our proven investment criteria, to help your portfolio grow over the long term."
2024-09-03,SELL (-95%),Reduce Exposure,409.44,25%,-,"We've sold a portion of your Microsoft stock, representing 25% of your holding, at $409.44 due to our system's alert to reduce exposure, as indicated by a low ASRE score of 29.0. This decision is based on our risk management strategy, which aims to balance potential returns with potential losses, and in this case, reducing our exposure to Microsoft helps mitigate potential downsides. This action is a systematic response to market conditions, designed to protect and grow your portfolio over the long term, and is part of our ongoing effort to optimize your investments."
2024-09-30,BUY (+25%),Entry/Increase,430.30,50%,-,"We've added Microsoft (MSFT) to your portfolio at $430.30, allocating 50% of your position size, as our systematic model triggered an entry point based on its proprietary ASRE score of 28.6/100. This move is designed to capitalize on potential upside while managing risk, as our analysis suggests the stock's current price presents a favorable risk-reward profile. This decision is part of our disciplined investment approach, which relies on data-driven triggers to guide our actions, ensuring that we're making informed and systematic decisions to help you achieve your long-term investment goals."
2024-10-31,BUY (+70%),Entry/Increase,406.35,120%,-,"We've added Microsoft stock to your portfolio at $406.35, taking a position size of 120% of our standard allocation, due to a positive trigger signal from our ASRE scoring system, which indicated a strong entry point with a score of 75.1. This investment is expected to balance potential risks with rewards, as Microsoft's stable financials and growth prospects align with our strategy. This systematic decision is based on data-driven analysis, and our approach is designed to consistently identify opportunities like this, so you can be confident in the thoughtful and informed management of your portfolio."
2024-12-31,SELL (-20%),Reduce Exposure,421.50,100%,-,"We've sold your entire position in Microsoft (MSFT) at $421.50 due to a trigger to reduce exposure, as indicated by our ASRE score of 74.9. This decision is based on a careful risk/reward analysis, where we've determined that the potential downsides of holding the stock outweigh the potential gains, and reducing our exposure will help protect your portfolio. This action is a systematic response to market conditions, and it's part of our ongoing effort to manage risk and optimize returns in a disciplined and data-driven manner."
2025-01-31,BUY (+20%),Entry/Increase,415.06,120%,-,"We've added Microsoft stock to your portfolio at $415.06, taking a slightly larger position than usual, as our analysis indicates a strong potential for growth, scoring 65.3 out of 100 on our proprietary ASRE score. This move is designed to balance risk and reward, as we believe the potential upside outweighs the current market volatility, and our systematic approach ensures that this decision is based on data-driven insights rather than emotional intuition. By following our disciplined investment process, we're confident that this addition will contribute to the long-term success of your portfolio."
2025-02-28,SELL (-95%),Reduce Exposure,396.99,25%,-,"We've sold 25% of your Microsoft stock at $396.99 due to our system's trigger to reduce exposure, as the stock's ASRE score has fallen to 14.3, indicating a lower confidence level in its potential for future growth. This move is designed to balance risk and reward, as holding onto the stock at this point may expose your portfolio to greater potential losses, while selling a portion helps lock in some gains and reduce overall vulnerability. This decision is part of our systematic approach to managing your investments, and it's based on a data-driven assessment of the stock's current prospects, rather than emotional or impulsive factors."
2025-03-10,SELL (Risk Exit),Trailing_Stop,380.16,25%,-3.79%,"We've sold your Microsoft shares at $380.16 due to a trailing stop trigger, which means the stock's price fell below a certain percentage of its recent high, indicating a potential reversal in its upward trend. This sale helps us lock in profits and limit potential losses, as our risk/reward analysis suggests that the stock's downside risk now outweighs its upside potential, with an ASRE score of 18.3 indicating a relatively low ranking. This decision is part of our systematic approach to managing your portfolio, designed to help us make disciplined and unemotional decisions to protect and grow your investments."
2025-03-10,BUY (+25%),Entry/Increase,380.16,25%,-,"We've added Microsoft stock to your portfolio at $380.16, allocating 25% of your portfolio to this position, based on our systematic investment approach. This decision is driven by our ASRE score, which indicates a relatively low risk profile, and we believe the potential rewards outweigh the risks, providing a favorable opportunity for long-term growth. By following our data-driven strategy, we're making a deliberate and informed investment decision, rather than relying on emotions or instincts, to help you achieve your financial goals."
2025-04-30,BUY (+95%),Entry/Increase,395.26,120%,-,"We've added Microsoft stock to your portfolio at $395.26, taking a position size that's slightly larger than our typical allocation, due to our system's positive signal and a moderate ASRE score of 57.5. This move is based on our analysis that the potential rewards of investing in Microsoft outweigh the risks, given its strong market position and growth prospects. This decision is part of our systematic approach, where we follow a set of predefined rules to make investment choices, ensuring that our actions are disciplined and unbiased, rather than driven by emotions or personal opinions."
2025-06-02,SELL (-20%),Reduce Exposure,461.97,100%,-,"We sold your entire position in Microsoft (MSFT) at $461.97 due to a trigger to reduce exposure, as indicated by our proprietary ASRE score of 56.7, which suggests that the stock's current risk profile outweighs its potential reward. This decision is based on our systematic approach to managing risk, which aims to balance potential gains with potential losses, and in this case, we're reducing our exposure to MSFT to protect your portfolio. By following this disciplined process, we're making a deliberate and data-driven decision to adjust your portfolio, rather than relying on emotions or short-term market fluctuations."
2025-06-30,SELL (-50%),Reduce Exposure,497.41,50%,-,"We've sold 50% of our position in Microsoft (MSFT) at $497.41 due to a reduction in its attractiveness score, which indicates a lower potential for future growth. This decision is based on our risk management strategy, which aims to balance potential rewards with potential risks, and in this case, we're reducing our exposure to MSFT to optimize our overall portfolio performance. This action is a systematic response to changing market conditions, and it's part of our ongoing effort to prudently manage your investments and achieve your long-term goals."
2025-09-02,BUY (+50%),Entry/Increase,505.12,100%,-,"We've added Microsoft (MSFT) to your portfolio at a price of $505.12, allocating 100% of the designated position size, as our proprietary ASRE score indicated a strong buying opportunity with a score of 85.4 out of 100. This investment is based on a careful risk/reward analysis, where the potential for long-term growth outweighs the current market risks. This systematic decision is driven by data and objective criteria, rather than emotional or impulsive factors, to help you achieve your investment goals."
2025-10-31,SELL (-75%),Reduce Exposure,517.81,25%,-,"We've sold a portion of your Microsoft stock, representing 25% of your position, at $517.81 due to a trigger to reduce exposure based on our proprietary ASRE score, which indicates a moderate level of risk. This decision is designed to balance potential rewards with the need to manage risk, as the current score of 44.1 suggests a higher likelihood of volatility. This systematic approach helps us make data-driven decisions to protect and grow your portfolio, and I'm confident that this move aligns with our overall investment strategy."
2025-12-01,BUY (+25%),Entry/Increase,486.74,50%,-,"We've added Microsoft stock to your portfolio at $486.74, allocating 50% of your position size, due to a triggered entry signal based on our systematic ASRE scoring model, which indicates a moderate investment opportunity with a score of 31.9. This move balances potential upside with manageable risk, as Microsoft is a well-established company with a strong track record, and our model suggests its current price presents a favorable risk-reward profile. This decision is part of our disciplined investment approach, which relies on data-driven signals to guide our actions, ensuring that we're making informed and systematic decisions to help you achieve your long-term goals."
